Name,MBID,URL,Image Small,Image
,,,,
,,,,
Dua Lipa,,https://www.last.fm/music/Dua+Lipa,https://lastfm.freetls.fastly.net/i/u/64s/2a96cbd8b46e442fc41c2b86b821562f.png,https://lastfm.freetls.fastly.net/i/u/300x300/2a96cbd8b46e442fc41c2b86b821562f.png
Daughter,a1ced3e5-476c-4046-bd74-d428f419989b,https://www.last.fm/music/Daughter,https://lastfm.freetls.fastly.net/i/u/64s/2a96cbd8b46e442fc41c2b86b821562f.png,https://lastfm.freetls.fastly.net/i/u/300x300/2a96cbd8b46e442fc41c2b86b821562f.png
Duran Duran,1a1cd7f3-e5df-4eca-bae2-2757c9e656b5,https://www.last.fm/music/Duran+Duran,https://lastfm.freetls.fastly.net/i/u/64s/2a96cbd8b46e442fc41c2b86b821562f.png,https://lastfm.freetls.fastly.net/i/u/300x300/2a96cbd8b46e442fc41c2b86b821562f.png
Daughtry,21e3292e-dac8-4609-b57d-402f926aa41f,https://www.last.fm/music/Daughtry,https://lastfm.freetls.fastly.net/i/u/64s/2a96cbd8b46e442fc41c2b86b821562f.png,https://lastfm.freetls.fastly.net/i/u/300x300/2a96cbd8b46e442fc41c2b86b821562f.png
DUDA BEAT,,https://www.last.fm/music/DUDA+BEAT,https://lastfm.freetls.fastly.net/i/u/64s/2a96cbd8b46e442fc41c2b86b821562f.png,https://lastfm.freetls.fastly.net/i/u/300x300/2a96cbd8b46e442fc41c2b86b821562f.png
Duwap Kaine,,https://www.last.fm/music/Duwap+Kaine,https://lastfm.freetls.fastly.net/i/u/64s/2a96cbd8b46e442fc41c2b86b821562f.png,https://lastfm.freetls.fastly.net/i/u/300x300/2a96cbd8b46e442fc41c2b86b821562f.png
Daughters,c9368a03-bf26-40b6-bdfa-9af8d10b568b,https://www.last.fm/music/Daughters,https://lastfm.freetls.fastly.net/i/u/64s/2a96cbd8b46e442fc41c2b86b821562f.png,https://lastfm.freetls.fastly.net/i/u/300x300/2a96cbd8b46e442fc41c2b86b821562f.png
Duman,f8a9a911-47de-49fe-ba96-7e5b5f08b7d0,https://www.last.fm/music/Duman,https://lastfm.freetls.fastly.net/i/u/64s/2a96cbd8b46e442fc41c2b86b821562f.png,https://lastfm.freetls.fastly.net/i/u/300x300/2a96cbd8b46e442fc41c2b86b821562f.png
Durand Jones & The Indications,,https://www.last.fm/music/Durand+Jones+&+The+Indications,https://lastfm.freetls.fastly.net/i/u/64s/2a96cbd8b46e442fc41c2b86b821562f.png,https://lastfm.freetls.fastly.net/i/u/300x300/2a96cbd8b46e442fc41c2b86b821562f.png
The Daughters of Eve,607aaf15-e032-4300-8844-6a61c6e98859,https://www.last.fm/music/The+Daughters+of+Eve,https://lastfm.freetls.fastly.net/i/u/64s/2a96cbd8b46e442fc41c2b86b821562f.png,https://lastfm.freetls.fastly.net/i/u/300x300/2a96cbd8b46e442fc41c2b86b821562f.png
dua saleh,,https://www.last.fm/music/dua+saleh,https://lastfm.freetls.fastly.net/i/u/64s/2a96cbd8b46e442fc41c2b86b821562f.png,https://lastfm.freetls.fastly.net/i/u/300x300/2a96cbd8b46e442fc41c2b86b821562f.png
Duane Eddy,efc0ee36-ad69-45af-8602-991b254b7529,https://www.last.fm/music/Duane+Eddy,https://lastfm.freetls.fastly.net/i/u/64s/2a96cbd8b46e442fc41c2b86b821562f.png,https://lastfm.freetls.fastly.net/i/u/300x300/2a96cbd8b46e442fc41c2b86b821562f.png
Carolina Durante,,https://www.last.fm/music/Carolina+Durante,https://lastfm.freetls.fastly.net/i/u/64s/2a96cbd8b46e442fc41c2b86b821562f.png,https://lastfm.freetls.fastly.net/i/u/300x300/2a96cbd8b46e442fc41c2b86b821562f.png
Dauwd,9c008fba-ea1b-4cc2-9556-72718c959d9f,https://www.last.fm/music/Dauwd,https://lastfm.freetls.fastly.net/i/u/64s/2a96cbd8b46e442fc41c2b86b821562f.png,https://lastfm.freetls.fastly.net/i/u/300x300/2a96cbd8b46e442fc41c2b86b821562f.png
Duval Timothy,,https://www.last.fm/music/Duval+Timothy,https://lastfm.freetls.fastly.net/i/u/64s/2a96cbd8b46e442fc41c2b86b821562f.png,https://lastfm.freetls.fastly.net/i/u/300x300/2a96cbd8b46e442fc41c2b86b821562f.png
Richard Durand,ca071887-9fa6-4429-91f3-1629b39056f8,https://www.last.fm/music/Richard+Durand,https://lastfm.freetls.fastly.net/i/u/64s/2a96cbd8b46e442fc41c2b86b821562f.png,https://lastfm.freetls.fastly.net/i/u/300x300/2a96cbd8b46e442fc41c2b86b821562f.png
Sons and Daughters,aca2f168-fec7-459e-a91e-3f5cd504189b,https://www.last.fm/music/Sons+and+Daughters,https://lastfm.freetls.fastly.net/i/u/64s/2a96cbd8b46e442fc41c2b86b821562f.png,https://lastfm.freetls.fastly.net/i/u/300x300/2a96cbd8b46e442fc41c2b86b821562f.png
Jimmy Durante,c4c8a72e-a518-48ba-bd59-c27ea6f8d932,https://www.last.fm/music/Jimmy+Durante,https://lastfm.freetls.fastly.net/i/u/64s/2a96cbd8b46e442fc41c2b86b821562f.png,https://lastfm.freetls.fastly.net/i/u/300x300/2a96cbd8b46e442fc41c2b86b821562f.png
Feridun Düzağaç,1ea1611b-42de-4423-9393-046068ffd804,https://www.last.fm/music/Feridun+D%C3%BCza%C4%9Fa%C3%A7,https://lastfm.freetls.fastly.net/i/u/64s/2a96cbd8b46e442fc41c2b86b821562f.png,https://lastfm.freetls.fastly.net/i/u/300x300/2a96cbd8b46e442fc41c2b86b821562f.png
Durante,84056e0c-9959-40d7-9162-d6eb44aaa487,https://www.last.fm/music/Durante,https://lastfm.freetls.fastly.net/i/u/64s/2a96cbd8b46e442fc41c2b86b821562f.png,https://lastfm.freetls.fastly.net/i/u/300x300/2a96cbd8b46e442fc41c2b86b821562f.png
Daughn Gibson,9f5d5a33-1d62-4278-87fa-4682afe1a88d,https://www.last.fm/music/Daughn+Gibson,https://lastfm.freetls.fastly.net/i/u/64s/2a96cbd8b46e442fc41c2b86b821562f.png,https://lastfm.freetls.fastly.net/i/u/300x300/2a96cbd8b46e442fc41c2b86b821562f.png
dj dudah,,https://www.last.fm/music/dj+dudah,https://lastfm.freetls.fastly.net/i/u/64s/2a96cbd8b46e442fc41c2b86b821562f.png,https://lastfm.freetls.fastly.net/i/u/300x300/2a96cbd8b46e442fc41c2b86b821562f.png
Duca,cfb6f910-9d7b-4d78-aa7c-1cb80d1e3fae,https://www.last.fm/music/Duca,https://lastfm.freetls.fastly.net/i/u/64s/2a96cbd8b46e442fc41c2b86b821562f.png,https://lastfm.freetls.fastly.net/i/u/300x300/2a96cbd8b46e442fc41c2b86b821562f.png
Buffalo Daughter,c71ae637-cbc5-4f57-9c1a-38d691bd3c43,https://www.last.fm/music/Buffalo+Daughter,https://lastfm.freetls.fastly.net/i/u/64s/2a96cbd8b46e442fc41c2b86b821562f.png,https://lastfm.freetls.fastly.net/i/u/300x300/2a96cbd8b46e442fc41c2b86b821562f.png
Ephel Duath,ed133bc8-a6f0-4ca4-ba3a-02dd843fe0e7,https://www.last.fm/music/Ephel+Duath,https://lastfm.freetls.fastly.net/i/u/64s/2a96cbd8b46e442fc41c2b86b821562f.png,https://lastfm.freetls.fastly.net/i/u/300x300/2a96cbd8b46e442fc41c2b86b821562f.png
Dualizm,,https://www.last.fm/music/Dualizm,https://lastfm.freetls.fastly.net/i/u/64s/2a96cbd8b46e442fc41c2b86b821562f.png,https://lastfm.freetls.fastly.net/i/u/300x300/2a96cbd8b46e442fc41c2b86b821562f.png
All Sons & Daughters,c3fd83bf-8697-4348-bd96-1ef5b87ad96a,https://www.last.fm/music/All+Sons+&+Daughters,https://lastfm.freetls.fastly.net/i/u/64s/2a96cbd8b46e442fc41c2b86b821562f.png,https://lastfm.freetls.fastly.net/i/u/300x300/2a96cbd8b46e442fc41c2b86b821562f.png
Federico Durand,8605672d-18f0-4453-8b5d-43c236527e17,https://www.last.fm/music/Federico+Durand,https://lastfm.freetls.fastly.net/i/u/64s/2a96cbd8b46e442fc41c2b86b821562f.png,https://lastfm.freetls.fastly.net/i/u/300x300/2a96cbd8b46e442fc41c2b86b821562f.png
Dual Sessions,24bf58d4-e2e7-4dae-b147-cf0b63f55423,https://www.last.fm/music/Dual+Sessions,https://lastfm.freetls.fastly.net/i/u/64s/2a96cbd8b46e442fc41c2b86b821562f.png,https://lastfm.freetls.fastly.net/i/u/300x300/2a96cbd8b46e442fc41c2b86b821562f.png
Shu-bi-dua,593a075e-b697-41c3-8cb5-3a8730958cfb,https://www.last.fm/music/Shu-bi-dua,https://lastfm.freetls.fastly.net/i/u/64s/2a96cbd8b46e442fc41c2b86b821562f.png,https://lastfm.freetls.fastly.net/i/u/300x300/2a96cbd8b46e442fc41c2b86b821562f.png
artistName1,,,,
Mahdi Ba,,https://www.last.fm/music/Mahdi+Ba,https://lastfm.freetls.fastly.net/i/u/64s/2a96cbd8b46e442fc41c2b86b821562f.png,https://lastfm.freetls.fastly.net/i/u/300x300/2a96cbd8b46e442fc41c2b86b821562f.png
Mahdi Chishty,,https://www.last.fm/music/Mahdi+Chishty,,
Mahdiyunglegend,,https://www.last.fm/music/Mahdiyunglegend,https://lastfm.freetls.fastly.net/i/u/64s/2a96cbd8b46e442fc41c2b86b821562f.png,https://lastfm.freetls.fastly.net/i/u/300x300/2a96cbd8b46e442fc41c2b86b821562f.png
Mahdi Rasouli,,https://www.last.fm/music/Mahdi+Rasouli,,
Mahdi,,https://www.last.fm/music/Mahdi,https://lastfm.freetls.fastly.net/i/u/64s/2a96cbd8b46e442fc41c2b86b821562f.png,https://lastfm.freetls.fastly.net/i/u/300x300/2a96cbd8b46e442fc41c2b86b821562f.png
Alireza Mahdiloo,,https://www.last.fm/music/Alireza+Mahdiloo,https://lastfm.freetls.fastly.net/i/u/64s/2a96cbd8b46e442fc41c2b86b821562f.png,https://lastfm.freetls.fastly.net/i/u/300x300/2a96cbd8b46e442fc41c2b86b821562f.png
MahdiBaTV,,https://www.last.fm/music/MahdiBaTV,https://lastfm.freetls.fastly.net/i/u/64s/2a96cbd8b46e442fc41c2b86b821562f.png,https://lastfm.freetls.fastly.net/i/u/300x300/2a96cbd8b46e442fc41c2b86b821562f.png
Mahdieh Mohammadkhani,,https://www.last.fm/music/Mahdieh+Mohammadkhani,https://lastfm.freetls.fastly.net/i/u/64s/2a96cbd8b46e442fc41c2b86b821562f.png,https://lastfm.freetls.fastly.net/i/u/300x300/2a96cbd8b46e442fc41c2b86b821562f.png
Mahidevran,,https://www.last.fm/music/Mahidevran,https://lastfm.freetls.fastly.net/i/u/64s/2a96cbd8b46e442fc41c2b86b821562f.png,https://lastfm.freetls.fastly.net/i/u/300x300/2a96cbd8b46e442fc41c2b86b821562f.png
Madhi,,https://www.last.fm/music/Madhi,,
Mahdie MohammadKhani,,https://www.last.fm/music/Mahdie+MohammadKhani,https://lastfm.freetls.fastly.net/i/u/64s/2a96cbd8b46e442fc41c2b86b821562f.png,https://lastfm.freetls.fastly.net/i/u/300x300/2a96cbd8b46e442fc41c2b86b821562f.png
Port Mahadia,709d9075-112e-450a-a05d-46edb16968ac,https://www.last.fm/music/Port+Mahadia,https://lastfm.freetls.fastly.net/i/u/64s/2a96cbd8b46e442fc41c2b86b821562f.png,https://lastfm.freetls.fastly.net/i/u/300x300/2a96cbd8b46e442fc41c2b86b821562f.png
Mahadi,b44d8221-68cc-4d09-818e-b582e9be328e,https://www.last.fm/music/Mahadi,https://lastfm.freetls.fastly.net/i/u/64s/2a96cbd8b46e442fc41c2b86b821562f.png,https://lastfm.freetls.fastly.net/i/u/300x300/2a96cbd8b46e442fc41c2b86b821562f.png
Bassam Mahdi,,https://www.last.fm/music/Bassam+Mahdi,,
Mahdi Khene,,https://www.last.fm/music/Mahdi+Khene,https://lastfm.freetls.fastly.net/i/u/64s/2a96cbd8b46e442fc41c2b86b821562f.png,https://lastfm.freetls.fastly.net/i/u/300x300/2a96cbd8b46e442fc41c2b86b821562f.png
MahdiBa2gamingextravlogplus,,https://www.last.fm/music/MahdiBa2gamingextravlogplus,https://lastfm.freetls.fastly.net/i/u/64s/2a96cbd8b46e442fc41c2b86b821562f.png,https://lastfm.freetls.fastly.net/i/u/300x300/2a96cbd8b46e442fc41c2b86b821562f.png
Mahdi Baccouch,,https://www.last.fm/music/Mahdi+Baccouch,,
Mahdi Yarahi,,https://www.last.fm/music/Mahdi+Yarahi,https://lastfm.freetls.fastly.net/i/u/64s/2a96cbd8b46e442fc41c2b86b821562f.png,https://lastfm.freetls.fastly.net/i/u/300x300/2a96cbd8b46e442fc41c2b86b821562f.png
Iraj Mahdian,,https://www.last.fm/music/Iraj+Mahdian,,
Prince Billy Mahdi Wright,,https://www.last.fm/music/Prince+Billy+Mahdi+Wright,https://lastfm.freetls.fastly.net/i/u/64s/2a96cbd8b46e442fc41c2b86b821562f.png,https://lastfm.freetls.fastly.net/i/u/300x300/2a96cbd8b46e442fc41c2b86b821562f.png
Fares Mahdi,,https://www.last.fm/music/Fares+Mahdi,,
Mahdi Salehi,,https://www.last.fm/music/Mahdi+Salehi,,
Mahdi Khaleel Talib,,https://www.last.fm/music/Mahdi+Khaleel+Talib,https://lastfm.freetls.fastly.net/i/u/64s/2a96cbd8b46e442fc41c2b86b821562f.png,https://lastfm.freetls.fastly.net/i/u/300x300/2a96cbd8b46e442fc41c2b86b821562f.png
Mahdi Ba & So La Lune,,https://www.last.fm/music/Mahdi+Ba+&+So+La+Lune,,
Adit feat. Elita and Mahadi,,https://www.last.fm/music/Adit+feat.+Elita+and+Mahadi,https://lastfm.freetls.fastly.net/i/u/64s/2a96cbd8b46e442fc41c2b86b821562f.png,https://lastfm.freetls.fastly.net/i/u/300x300/2a96cbd8b46e442fc41c2b86b821562f.png
Saeed Mahdianipur,,https://www.last.fm/music/Saeed+Mahdianipur,,
Mahdi Sharif,,https://www.last.fm/music/Mahdi+Sharif,,
Mahdi Sultan,,https://www.last.fm/music/Mahdi+Sultan,,
Vahid Mahdiun,,https://www.last.fm/music/Vahid+Mahdiun,,
Mahdi Norouzi,,https://www.last.fm/music/Mahdi+Norouzi,,
Dua Lipa,,https://www.last.fm/music/Dua+Lipa,https://lastfm.freetls.fastly.net/i/u/64s/2a96cbd8b46e442fc41c2b86b821562f.png,https://lastfm.freetls.fastly.net/i/u/300x300/2a96cbd8b46e442fc41c2b86b821562f.png
Daughter,a1ced3e5-476c-4046-bd74-d428f419989b,https://www.last.fm/music/Daughter,https://lastfm.freetls.fastly.net/i/u/64s/2a96cbd8b46e442fc41c2b86b821562f.png,https://lastfm.freetls.fastly.net/i/u/300x300/2a96cbd8b46e442fc41c2b86b821562f.png
Duran Duran,1a1cd7f3-e5df-4eca-bae2-2757c9e656b5,https://www.last.fm/music/Duran+Duran,https://lastfm.freetls.fastly.net/i/u/64s/2a96cbd8b46e442fc41c2b86b821562f.png,https://lastfm.freetls.fastly.net/i/u/300x300/2a96cbd8b46e442fc41c2b86b821562f.png
Daughtry,21e3292e-dac8-4609-b57d-402f926aa41f,https://www.last.fm/music/Daughtry,https://lastfm.freetls.fastly.net/i/u/64s/2a96cbd8b46e442fc41c2b86b821562f.png,https://lastfm.freetls.fastly.net/i/u/300x300/2a96cbd8b46e442fc41c2b86b821562f.png
DUDA BEAT,,https://www.last.fm/music/DUDA+BEAT,https://lastfm.freetls.fastly.net/i/u/64s/2a96cbd8b46e442fc41c2b86b821562f.png,https://lastfm.freetls.fastly.net/i/u/300x300/2a96cbd8b46e442fc41c2b86b821562f.png
Duwap Kaine,,https://www.last.fm/music/Duwap+Kaine,https://lastfm.freetls.fastly.net/i/u/64s/2a96cbd8b46e442fc41c2b86b821562f.png,https://lastfm.freetls.fastly.net/i/u/300x300/2a96cbd8b46e442fc41c2b86b821562f.png
Daughters,c9368a03-bf26-40b6-bdfa-9af8d10b568b,https://www.last.fm/music/Daughters,https://lastfm.freetls.fastly.net/i/u/64s/2a96cbd8b46e442fc41c2b86b821562f.png,https://lastfm.freetls.fastly.net/i/u/300x300/2a96cbd8b46e442fc41c2b86b821562f.png
Duman,f8a9a911-47de-49fe-ba96-7e5b5f08b7d0,https://www.last.fm/music/Duman,https://lastfm.freetls.fastly.net/i/u/64s/2a96cbd8b46e442fc41c2b86b821562f.png,https://lastfm.freetls.fastly.net/i/u/300x300/2a96cbd8b46e442fc41c2b86b821562f.png
Durand Jones & The Indications,,https://www.last.fm/music/Durand+Jones+&+The+Indications,https://lastfm.freetls.fastly.net/i/u/64s/2a96cbd8b46e442fc41c2b86b821562f.png,https://lastfm.freetls.fastly.net/i/u/300x300/2a96cbd8b46e442fc41c2b86b821562f.png
The Daughters of Eve,607aaf15-e032-4300-8844-6a61c6e98859,https://www.last.fm/music/The+Daughters+of+Eve,https://lastfm.freetls.fastly.net/i/u/64s/2a96cbd8b46e442fc41c2b86b821562f.png,https://lastfm.freetls.fastly.net/i/u/300x300/2a96cbd8b46e442fc41c2b86b821562f.png
dua saleh,,https://www.last.fm/music/dua+saleh,https://lastfm.freetls.fastly.net/i/u/64s/2a96cbd8b46e442fc41c2b86b821562f.png,https://lastfm.freetls.fastly.net/i/u/300x300/2a96cbd8b46e442fc41c2b86b821562f.png
Duane Eddy,efc0ee36-ad69-45af-8602-991b254b7529,https://www.last.fm/music/Duane+Eddy,https://lastfm.freetls.fastly.net/i/u/64s/2a96cbd8b46e442fc41c2b86b821562f.png,https://lastfm.freetls.fastly.net/i/u/300x300/2a96cbd8b46e442fc41c2b86b821562f.png
Carolina Durante,,https://www.last.fm/music/Carolina+Durante,https://lastfm.freetls.fastly.net/i/u/64s/2a96cbd8b46e442fc41c2b86b821562f.png,https://lastfm.freetls.fastly.net/i/u/300x300/2a96cbd8b46e442fc41c2b86b821562f.png
Dauwd,9c008fba-ea1b-4cc2-9556-72718c959d9f,https://www.last.fm/music/Dauwd,https://lastfm.freetls.fastly.net/i/u/64s/2a96cbd8b46e442fc41c2b86b821562f.png,https://lastfm.freetls.fastly.net/i/u/300x300/2a96cbd8b46e442fc41c2b86b821562f.png
Duval Timothy,,https://www.last.fm/music/Duval+Timothy,https://lastfm.freetls.fastly.net/i/u/64s/2a96cbd8b46e442fc41c2b86b821562f.png,https://lastfm.freetls.fastly.net/i/u/300x300/2a96cbd8b46e442fc41c2b86b821562f.png
Richard Durand,ca071887-9fa6-4429-91f3-1629b39056f8,https://www.last.fm/music/Richard+Durand,https://lastfm.freetls.fastly.net/i/u/64s/2a96cbd8b46e442fc41c2b86b821562f.png,https://lastfm.freetls.fastly.net/i/u/300x300/2a96cbd8b46e442fc41c2b86b821562f.png
Sons and Daughters,aca2f168-fec7-459e-a91e-3f5cd504189b,https://www.last.fm/music/Sons+and+Daughters,https://lastfm.freetls.fastly.net/i/u/64s/2a96cbd8b46e442fc41c2b86b821562f.png,https://lastfm.freetls.fastly.net/i/u/300x300/2a96cbd8b46e442fc41c2b86b821562f.png
Jimmy Durante,c4c8a72e-a518-48ba-bd59-c27ea6f8d932,https://www.last.fm/music/Jimmy+Durante,https://lastfm.freetls.fastly.net/i/u/64s/2a96cbd8b46e442fc41c2b86b821562f.png,https://lastfm.freetls.fastly.net/i/u/300x300/2a96cbd8b46e442fc41c2b86b821562f.png
Feridun Düzağaç,1ea1611b-42de-4423-9393-046068ffd804,https://www.last.fm/music/Feridun+D%C3%BCza%C4%9Fa%C3%A7,https://lastfm.freetls.fastly.net/i/u/64s/2a96cbd8b46e442fc41c2b86b821562f.png,https://lastfm.freetls.fastly.net/i/u/300x300/2a96cbd8b46e442fc41c2b86b821562f.png
Durante,84056e0c-9959-40d7-9162-d6eb44aaa487,https://www.last.fm/music/Durante,https://lastfm.freetls.fastly.net/i/u/64s/2a96cbd8b46e442fc41c2b86b821562f.png,https://lastfm.freetls.fastly.net/i/u/300x300/2a96cbd8b46e442fc41c2b86b821562f.png
Daughn Gibson,9f5d5a33-1d62-4278-87fa-4682afe1a88d,https://www.last.fm/music/Daughn+Gibson,https://lastfm.freetls.fastly.net/i/u/64s/2a96cbd8b46e442fc41c2b86b821562f.png,https://lastfm.freetls.fastly.net/i/u/300x300/2a96cbd8b46e442fc41c2b86b821562f.png
dj dudah,,https://www.last.fm/music/dj+dudah,https://lastfm.freetls.fastly.net/i/u/64s/2a96cbd8b46e442fc41c2b86b821562f.png,https://lastfm.freetls.fastly.net/i/u/300x300/2a96cbd8b46e442fc41c2b86b821562f.png
Duca,cfb6f910-9d7b-4d78-aa7c-1cb80d1e3fae,https://www.last.fm/music/Duca,https://lastfm.freetls.fastly.net/i/u/64s/2a96cbd8b46e442fc41c2b86b821562f.png,https://lastfm.freetls.fastly.net/i/u/300x300/2a96cbd8b46e442fc41c2b86b821562f.png
Buffalo Daughter,c71ae637-cbc5-4f57-9c1a-38d691bd3c43,https://www.last.fm/music/Buffalo+Daughter,https://lastfm.freetls.fastly.net/i/u/64s/2a96cbd8b46e442fc41c2b86b821562f.png,https://lastfm.freetls.fastly.net/i/u/300x300/2a96cbd8b46e442fc41c2b86b821562f.png
Ephel Duath,ed133bc8-a6f0-4ca4-ba3a-02dd843fe0e7,https://www.last.fm/music/Ephel+Duath,https://lastfm.freetls.fastly.net/i/u/64s/2a96cbd8b46e442fc41c2b86b821562f.png,https://lastfm.freetls.fastly.net/i/u/300x300/2a96cbd8b46e442fc41c2b86b821562f.png
Dualizm,,https://www.last.fm/music/Dualizm,https://lastfm.freetls.fastly.net/i/u/64s/2a96cbd8b46e442fc41c2b86b821562f.png,https://lastfm.freetls.fastly.net/i/u/300x300/2a96cbd8b46e442fc41c2b86b821562f.png
All Sons & Daughters,c3fd83bf-8697-4348-bd96-1ef5b87ad96a,https://www.last.fm/music/All+Sons+&+Daughters,https://lastfm.freetls.fastly.net/i/u/64s/2a96cbd8b46e442fc41c2b86b821562f.png,https://lastfm.freetls.fastly.net/i/u/300x300/2a96cbd8b46e442fc41c2b86b821562f.png
Federico Durand,8605672d-18f0-4453-8b5d-43c236527e17,https://www.last.fm/music/Federico+Durand,https://lastfm.freetls.fastly.net/i/u/64s/2a96cbd8b46e442fc41c2b86b821562f.png,https://lastfm.freetls.fastly.net/i/u/300x300/2a96cbd8b46e442fc41c2b86b821562f.png
Dual Sessions,24bf58d4-e2e7-4dae-b147-cf0b63f55423,https://www.last.fm/music/Dual+Sessions,https://lastfm.freetls.fastly.net/i/u/64s/2a96cbd8b46e442fc41c2b86b821562f.png,https://lastfm.freetls.fastly.net/i/u/300x300/2a96cbd8b46e442fc41c2b86b821562f.png
Shu-bi-dua,593a075e-b697-41c3-8cb5-3a8730958cfb,https://www.last.fm/music/Shu-bi-dua,https://lastfm.freetls.fastly.net/i/u/64s/2a96cbd8b46e442fc41c2b86b821562f.png,https://lastfm.freetls.fastly.net/i/u/300x300/2a96cbd8b46e442fc41c2b86b821562f.png
artistName3,,,,
Bad Bunny,,https://www.last.fm/music/Bad+Bunny,https://lastfm.freetls.fastly.net/i/u/64s/2a96cbd8b46e442fc41c2b86b821562f.png,https://lastfm.freetls.fastly.net/i/u/300x300/2a96cbd8b46e442fc41c2b86b821562f.png
Beach Bunny,,https://www.last.fm/music/Beach+Bunny,https://lastfm.freetls.fastly.net/i/u/64s/2a96cbd8b46e442fc41c2b86b821562f.png,https://lastfm.freetls.fastly.net/i/u/300x300/2a96cbd8b46e442fc41c2b86b821562f.png
Echo & the Bunnymen,ccd4879c-5e88-4385-b131-bf65296bf245,https://www.last.fm/music/Echo+&+the+Bunnymen,https://lastfm.freetls.fastly.net/i/u/64s/2a96cbd8b46e442fc41c2b86b821562f.png,https://lastfm.freetls.fastly.net/i/u/300x300/2a96cbd8b46e442fc41c2b86b821562f.png
Bunny Wailer,d4ab32fd-e45d-44bf-9e70-891521672085,https://www.last.fm/music/Bunny+Wailer,https://lastfm.freetls.fastly.net/i/u/64s/2a96cbd8b46e442fc41c2b86b821562f.png,https://lastfm.freetls.fastly.net/i/u/300x300/2a96cbd8b46e442fc41c2b86b821562f.png
Pat The Bunny,1c455a45-2822-495a-a3df-e9e55d31f147,https://www.last.fm/music/Pat+The+Bunny,https://lastfm.freetls.fastly.net/i/u/64s/2a96cbd8b46e442fc41c2b86b821562f.png,https://lastfm.freetls.fastly.net/i/u/300x300/2a96cbd8b46e442fc41c2b86b821562f.png
The Bunny the Bear,30181656-af83-4cde-a413-964235e27fd0,https://www.last.fm/music/The+Bunny+the+Bear,https://lastfm.freetls.fastly.net/i/u/64s/2a96cbd8b46e442fc41c2b86b821562f.png,https://lastfm.freetls.fastly.net/i/u/300x300/2a96cbd8b46e442fc41c2b86b821562f.png
Neon Bunny,f3ab7392-d6b5-44f9-8b2e-f5d25c56ce68,https://www.last.fm/music/Neon+Bunny,https://lastfm.freetls.fastly.net/i/u/64s/2a96cbd8b46e442fc41c2b86b821562f.png,https://lastfm.freetls.fastly.net/i/u/300x300/2a96cbd8b46e442fc41c2b86b821562f.png
Bunny Berigan,0d99a768-4878-4d40-a264-205e7fe5d20a,https://www.last.fm/music/Bunny+Berigan,https://lastfm.freetls.fastly.net/i/u/64s/2a96cbd8b46e442fc41c2b86b821562f.png,https://lastfm.freetls.fastly.net/i/u/300x300/2a96cbd8b46e442fc41c2b86b821562f.png
Cartis Bunny,,https://www.last.fm/music/Cartis+Bunny,https://lastfm.freetls.fastly.net/i/u/64s/2a96cbd8b46e442fc41c2b86b821562f.png,https://lastfm.freetls.fastly.net/i/u/300x300/2a96cbd8b46e442fc41c2b86b821562f.png
Bad Bunny & Jhay Cortez,,https://www.last.fm/music/Bad+Bunny+&+Jhay+Cortez,https://lastfm.freetls.fastly.net/i/u/64s/2a96cbd8b46e442fc41c2b86b821562f.png,https://lastfm.freetls.fastly.net/i/u/300x300/2a96cbd8b46e442fc41c2b86b821562f.png
Bunnygrunt,0761fbf9-73fa-4836-a2aa-ed9fea4dfb8d,https://www.last.fm/music/Bunnygrunt,https://lastfm.freetls.fastly.net/i/u/64s/2a96cbd8b46e442fc41c2b86b821562f.png,https://lastfm.freetls.fastly.net/i/u/300x300/2a96cbd8b46e442fc41c2b86b821562f.png
"Cardi B, Bad Bunny & J Balvin",,"https://www.last.fm/music/Cardi+B,+Bad+Bunny+&+J+Balvin",https://lastfm.freetls.fastly.net/i/u/64s/2a96cbd8b46e442fc41c2b86b821562f.png,https://lastfm.freetls.fastly.net/i/u/300x300/2a96cbd8b46e442fc41c2b86b821562f.png
Bad Bunny & Chencho Corleone,,https://www.last.fm/music/Bad+Bunny+&+Chencho+Corleone,https://lastfm.freetls.fastly.net/i/u/64s/2a96cbd8b46e442fc41c2b86b821562f.png,https://lastfm.freetls.fastly.net/i/u/300x300/2a96cbd8b46e442fc41c2b86b821562f.png
Jive Bunny And The Mastermixers,fc8e4da5-8a8c-4c7c-b999-2a9b7a093037,https://www.last.fm/music/Jive+Bunny+And+The+Mastermixers,https://lastfm.freetls.fastly.net/i/u/64s/2a96cbd8b46e442fc41c2b86b821562f.png,https://lastfm.freetls.fastly.net/i/u/300x300/2a96cbd8b46e442fc41c2b86b821562f.png
Jive Bunny & The Mastermixers,,https://www.last.fm/music/Jive+Bunny+&+The+Mastermixers,https://lastfm.freetls.fastly.net/i/u/64s/2a96cbd8b46e442fc41c2b86b821562f.png,https://lastfm.freetls.fastly.net/i/u/300x300/2a96cbd8b46e442fc41c2b86b821562f.png
Milky Bunny,2a605e27-4a9b-4d83-92c0-b94ae0dd2eee,https://www.last.fm/music/Milky+Bunny,https://lastfm.freetls.fastly.net/i/u/64s/2a96cbd8b46e442fc41c2b86b821562f.png,https://lastfm.freetls.fastly.net/i/u/300x300/2a96cbd8b46e442fc41c2b86b821562f.png
Echo And The Bunnymen,ccd4879c-5e88-4385-b131-bf65296bf245,https://www.last.fm/music/Echo+And+The+Bunnymen,https://lastfm.freetls.fastly.net/i/u/64s/2a96cbd8b46e442fc41c2b86b821562f.png,https://lastfm.freetls.fastly.net/i/u/300x300/2a96cbd8b46e442fc41c2b86b821562f.png
Bunny Boy,,https://www.last.fm/music/Bunny+Boy,https://lastfm.freetls.fastly.net/i/u/64s/2a96cbd8b46e442fc41c2b86b821562f.png,https://lastfm.freetls.fastly.net/i/u/300x300/2a96cbd8b46e442fc41c2b86b821562f.png
Bunny,e22583e7-4f91-4a54-ab3d-046ece18903b,https://www.last.fm/music/Bunny,https://lastfm.freetls.fastly.net/i/u/64s/2a96cbd8b46e442fc41c2b86b821562f.png,https://lastfm.freetls.fastly.net/i/u/300x300/2a96cbd8b46e442fc41c2b86b821562f.png
Bunny Lake,f5898a47-7446-4d88-a3ba-0162bba4b815,https://www.last.fm/music/Bunny+Lake,https://lastfm.freetls.fastly.net/i/u/64s/2a96cbd8b46e442fc41c2b86b821562f.png,https://lastfm.freetls.fastly.net/i/u/300x300/2a96cbd8b46e442fc41c2b86b821562f.png
Bunny Sigler,3778a413-6202-44c4-a11c-aaeb78feb7de,https://www.last.fm/music/Bunny+Sigler,https://lastfm.freetls.fastly.net/i/u/64s/2a96cbd8b46e442fc41c2b86b821562f.png,https://lastfm.freetls.fastly.net/i/u/300x300/2a96cbd8b46e442fc41c2b86b821562f.png
Bad Bunny & Bomba Estéreo,,https://www.last.fm/music/Bad+Bunny+&+Bomba+Est%C3%A9reo,https://lastfm.freetls.fastly.net/i/u/64s/2a96cbd8b46e442fc41c2b86b821562f.png,https://lastfm.freetls.fastly.net/i/u/300x300/2a96cbd8b46e442fc41c2b86b821562f.png
Astro Bunny,,https://www.last.fm/music/Astro+Bunny,https://lastfm.freetls.fastly.net/i/u/64s/2a96cbd8b46e442fc41c2b86b821562f.png,https://lastfm.freetls.fastly.net/i/u/300x300/2a96cbd8b46e442fc41c2b86b821562f.png
Bad Bunny & ROSALÍA,,https://www.last.fm/music/Bad+Bunny+&+ROSAL%C3%8DA,https://lastfm.freetls.fastly.net/i/u/64s/2a96cbd8b46e442fc41c2b86b821562f.png,https://lastfm.freetls.fastly.net/i/u/300x300/2a96cbd8b46e442fc41c2b86b821562f.png
Bad Bunny & Rauw Alejandro,,https://www.last.fm/music/Bad+Bunny+&+Rauw+Alejandro,https://lastfm.freetls.fastly.net/i/u/64s/2a96cbd8b46e442fc41c2b86b821562f.png,https://lastfm.freetls.fastly.net/i/u/300x300/2a96cbd8b46e442fc41c2b86b821562f.png
Bad Bunny & Tainy,,https://www.last.fm/music/Bad+Bunny+&+Tainy,https://lastfm.freetls.fastly.net/i/u/64s/2a96cbd8b46e442fc41c2b86b821562f.png,https://lastfm.freetls.fastly.net/i/u/300x300/2a96cbd8b46e442fc41c2b86b821562f.png
Jive Bunny,fc8e4da5-8a8c-4c7c-b999-2a9b7a093037,https://www.last.fm/music/Jive+Bunny,https://lastfm.freetls.fastly.net/i/u/64s/2a96cbd8b46e442fc41c2b86b821562f.png,https://lastfm.freetls.fastly.net/i/u/300x300/2a96cbd8b46e442fc41c2b86b821562f.png
Bad Bunny & Daddy Yankee,,https://www.last.fm/music/Bad+Bunny+&+Daddy+Yankee,https://lastfm.freetls.fastly.net/i/u/64s/2a96cbd8b46e442fc41c2b86b821562f.png,https://lastfm.freetls.fastly.net/i/u/300x300/2a96cbd8b46e442fc41c2b86b821562f.png
Bad Bunny & The Marías,,https://www.last.fm/music/Bad+Bunny+&+The+Mar%C3%ADas,https://lastfm.freetls.fastly.net/i/u/64s/2a96cbd8b46e442fc41c2b86b821562f.png,https://lastfm.freetls.fastly.net/i/u/300x300/2a96cbd8b46e442fc41c2b86b821562f.png
Bad Bunny & Jhayco,,https://www.last.fm/music/Bad+Bunny+&+Jhayco,,
artistName3,,,,
artistName1,,,,
Justin Bieber,e0140a67-e4d1-4f13-8a01-364355bee46e,https://www.last.fm/music/Justin+Bieber,https://lastfm.freetls.fastly.net/i/u/64s/2a96cbd8b46e442fc41c2b86b821562f.png,https://lastfm.freetls.fastly.net/i/u/300x300/2a96cbd8b46e442fc41c2b86b821562f.png
Justin Timberlake,596ffa74-3d08-44ef-b113-765d43d12738,https://www.last.fm/music/Justin+Timberlake,https://lastfm.freetls.fastly.net/i/u/64s/2a96cbd8b46e442fc41c2b86b821562f.png,https://lastfm.freetls.fastly.net/i/u/300x300/2a96cbd8b46e442fc41c2b86b821562f.png
Justin Hurwitz,,https://www.last.fm/music/Justin+Hurwitz,https://lastfm.freetls.fastly.net/i/u/64s/2a96cbd8b46e442fc41c2b86b821562f.png,https://lastfm.freetls.fastly.net/i/u/300x300/2a96cbd8b46e442fc41c2b86b821562f.png
Justine Skye,,https://www.last.fm/music/Justine+Skye,https://lastfm.freetls.fastly.net/i/u/64s/2a96cbd8b46e442fc41c2b86b821562f.png,https://lastfm.freetls.fastly.net/i/u/300x300/2a96cbd8b46e442fc41c2b86b821562f.png
Justin Townes Earle,6e0d1400-a880-4b2c-8305-e9b985a4549c,https://www.last.fm/music/Justin+Townes+Earle,https://lastfm.freetls.fastly.net/i/u/64s/2a96cbd8b46e442fc41c2b86b821562f.png,https://lastfm.freetls.fastly.net/i/u/300x300/2a96cbd8b46e442fc41c2b86b821562f.png
Justin Quiles,e5fdb46c-eb73-4820-94ba-5dd5b35948cf,https://www.last.fm/music/Justin+Quiles,https://lastfm.freetls.fastly.net/i/u/64s/2a96cbd8b46e442fc41c2b86b821562f.png,https://lastfm.freetls.fastly.net/i/u/300x300/2a96cbd8b46e442fc41c2b86b821562f.png
Justin Nozuka,f8471a38-0575-4dcf-b657-401377ad293c,https://www.last.fm/music/Justin+Nozuka,https://lastfm.freetls.fastly.net/i/u/64s/2a96cbd8b46e442fc41c2b86b821562f.png,https://lastfm.freetls.fastly.net/i/u/300x300/2a96cbd8b46e442fc41c2b86b821562f.png
Justin Moore,ab5d785b-ff87-48b5-b9e1-027e3c21ec0d,https://www.last.fm/music/Justin+Moore,https://lastfm.freetls.fastly.net/i/u/64s/2a96cbd8b46e442fc41c2b86b821562f.png,https://lastfm.freetls.fastly.net/i/u/300x300/2a96cbd8b46e442fc41c2b86b821562f.png
Justin Stone,,https://www.last.fm/music/Justin+Stone,https://lastfm.freetls.fastly.net/i/u/64s/2a96cbd8b46e442fc41c2b86b821562f.png,https://lastfm.freetls.fastly.net/i/u/300x300/2a96cbd8b46e442fc41c2b86b821562f.png
Justin Vernon,0f1d5b01-8784-4870-9bd6-fa43178b9441,https://www.last.fm/music/Justin+Vernon,https://lastfm.freetls.fastly.net/i/u/64s/2a96cbd8b46e442fc41c2b86b821562f.png,https://lastfm.freetls.fastly.net/i/u/300x300/2a96cbd8b46e442fc41c2b86b821562f.png
Justin Park,,https://www.last.fm/music/Justin+Park,https://lastfm.freetls.fastly.net/i/u/64s/2a96cbd8b46e442fc41c2b86b821562f.png,https://lastfm.freetls.fastly.net/i/u/300x300/2a96cbd8b46e442fc41c2b86b821562f.png
Justin Bell,,https://www.last.fm/music/Justin+Bell,https://lastfm.freetls.fastly.net/i/u/64s/2a96cbd8b46e442fc41c2b86b821562f.png,https://lastfm.freetls.fastly.net/i/u/300x300/2a96cbd8b46e442fc41c2b86b821562f.png
Justin Rarri,,https://www.last.fm/music/Justin+Rarri,https://lastfm.freetls.fastly.net/i/u/64s/2a96cbd8b46e442fc41c2b86b821562f.png,https://lastfm.freetls.fastly.net/i/u/300x300/2a96cbd8b46e442fc41c2b86b821562f.png
Justin Martin,3b55eb41-78c8-4048-acc4-f5b25af84733,https://www.last.fm/music/Justin+Martin,https://lastfm.freetls.fastly.net/i/u/64s/2a96cbd8b46e442fc41c2b86b821562f.png,https://lastfm.freetls.fastly.net/i/u/300x300/2a96cbd8b46e442fc41c2b86b821562f.png
Justin Jay,20756c93-06b4-4b79-8250-081b57fe4cd7,https://www.last.fm/music/Justin+Jay,https://lastfm.freetls.fastly.net/i/u/64s/2a96cbd8b46e442fc41c2b86b821562f.png,https://lastfm.freetls.fastly.net/i/u/300x300/2a96cbd8b46e442fc41c2b86b821562f.png
Justin Wellington,,https://www.last.fm/music/Justin+Wellington,https://lastfm.freetls.fastly.net/i/u/64s/2a96cbd8b46e442fc41c2b86b821562f.png,https://lastfm.freetls.fastly.net/i/u/300x300/2a96cbd8b46e442fc41c2b86b821562f.png
Justin Jesso,,https://www.last.fm/music/Justin+Jesso,https://lastfm.freetls.fastly.net/i/u/64s/2a96cbd8b46e442fc41c2b86b821562f.png,https://lastfm.freetls.fastly.net/i/u/300x300/2a96cbd8b46e442fc41c2b86b821562f.png
Justin Hawkes,,https://www.last.fm/music/Justin+Hawkes,https://lastfm.freetls.fastly.net/i/u/64s/2a96cbd8b46e442fc41c2b86b821562f.png,https://lastfm.freetls.fastly.net/i/u/300x300/2a96cbd8b46e442fc41c2b86b821562f.png
Justin Caruso,,https://www.last.fm/music/Justin+Caruso,https://lastfm.freetls.fastly.net/i/u/64s/2a96cbd8b46e442fc41c2b86b821562f.png,https://lastfm.freetls.fastly.net/i/u/300x300/2a96cbd8b46e442fc41c2b86b821562f.png
Justin Hinds & The Dominoes,a9d8482e-4d91-4521-9213-cf6dbc901aaf,https://www.last.fm/music/Justin+Hinds+&+The+Dominoes,https://lastfm.freetls.fastly.net/i/u/64s/2a96cbd8b46e442fc41c2b86b821562f.png,https://lastfm.freetls.fastly.net/i/u/300x300/2a96cbd8b46e442fc41c2b86b821562f.png
Justin Oh,65ee5965-b670-489d-beda-bdf81826419a,https://www.last.fm/music/Justin+Oh,https://lastfm.freetls.fastly.net/i/u/64s/2a96cbd8b46e442fc41c2b86b821562f.png,https://lastfm.freetls.fastly.net/i/u/300x300/2a96cbd8b46e442fc41c2b86b821562f.png
Justin Rissmiller,,https://www.last.fm/music/Justin+Rissmiller,https://lastfm.freetls.fastly.net/i/u/64s/2a96cbd8b46e442fc41c2b86b821562f.png,https://lastfm.freetls.fastly.net/i/u/300x300/2a96cbd8b46e442fc41c2b86b821562f.png
Justin Johnson,,https://www.last.fm/music/Justin+Johnson,https://lastfm.freetls.fastly.net/i/u/64s/2a96cbd8b46e442fc41c2b86b821562f.png,https://lastfm.freetls.fastly.net/i/u/300x300/2a96cbd8b46e442fc41c2b86b821562f.png
Justin Morales,,https://www.last.fm/music/Justin+Morales,https://lastfm.freetls.fastly.net/i/u/64s/2a96cbd8b46e442fc41c2b86b821562f.png,https://lastfm.freetls.fastly.net/i/u/300x300/2a96cbd8b46e442fc41c2b86b821562f.png
Justin Mylo,,https://www.last.fm/music/Justin+Mylo,https://lastfm.freetls.fastly.net/i/u/64s/2a96cbd8b46e442fc41c2b86b821562f.png,https://lastfm.freetls.fastly.net/i/u/300x300/2a96cbd8b46e442fc41c2b86b821562f.png
Justin Starling,,https://www.last.fm/music/Justin+Starling,https://lastfm.freetls.fastly.net/i/u/64s/2a96cbd8b46e442fc41c2b86b821562f.png,https://lastfm.freetls.fastly.net/i/u/300x300/2a96cbd8b46e442fc41c2b86b821562f.png
Justin E. Bell,,https://www.last.fm/music/Justin+E.+Bell,https://lastfm.freetls.fastly.net/i/u/64s/2a96cbd8b46e442fc41c2b86b821562f.png,https://lastfm.freetls.fastly.net/i/u/300x300/2a96cbd8b46e442fc41c2b86b821562f.png
Ed Sheeran & Justin Bieber,,https://www.last.fm/music/Ed+Sheeran+&+Justin+Bieber,https://lastfm.freetls.fastly.net/i/u/64s/2a96cbd8b46e442fc41c2b86b821562f.png,https://lastfm.freetls.fastly.net/i/u/300x300/2a96cbd8b46e442fc41c2b86b821562f.png
Justin Hayward,c113d7a7-2b22-49dc-886b-366ee68577cb,https://www.last.fm/music/Justin+Hayward,https://lastfm.freetls.fastly.net/i/u/64s/2a96cbd8b46e442fc41c2b86b821562f.png,https://lastfm.freetls.fastly.net/i/u/300x300/2a96cbd8b46e442fc41c2b86b821562f.png
Justin King,799dbb3f-d07e-4a72-a71f-9d2bbd86ab58,https://www.last.fm/music/Justin+King,https://lastfm.freetls.fastly.net/i/u/64s/2a96cbd8b46e442fc41c2b86b821562f.png,https://lastfm.freetls.fastly.net/i/u/300x300/2a96cbd8b46e442fc41c2b86b821562f.png
